{
  "baseline": {
    "odometry": {
      "mean_rmse": 0.396572030585371,
      "std": 0.06585713669419853
    },
    "ekf_fixed_40": {
      "mean_rmse": 5.179038654402023,
      "std": 1.999437611038319
    },
    "ekf_fixed_60": {
      "mean_rmse": 2.0220670193529875,
      "std": 2.034508724909539
    },
    "ekf_fixed_80": {
      "mean_rmse": 0.6700173873450279,
      "std": 0.5803996460684787
    },
    "ekf_fixed_100": {
      "mean_rmse": 0.19866079879919116,
      "std": 0.022289542303482887
    },
    "adaptive": {
      "mean_rmse": 1.0848748369322183,
      "std": 0.5306450894963949
    }
  },
  "observability": {
    "circular": {
      "cond": 9.498409745358607,
      "eigenvalues": [
        2972.1532285981366,
        1572.265625,
        312.91061433209677
      ],
      "mean_error": 0.1640900445556256
    },
    "straight": {
      "cond": 62.84034886444053,
      "eigenvalues": [
        670.7737306120039,
        302.734375,
        10.67425217608196
      ],
      "mean_error": 1.3431957512527313
    }
  },
  "noise": {
    "1": {
      "mean": 0.1075723896701736,
      "std": 0.03615833175076124
    },
    "2": {
      "mean": 0.1640900445556256,
      "std": 0.05904554829210582
    },
    "3": {
      "mean": 0.21091314017192997,
      "std": 0.09349263888186574
    },
    "5": {
      "mean": 0.29491314888535175,
      "std": 0.1485268490834202
    },
    "7": {
      "mean": 0.3560063511899475,
      "std": 0.18873106964601205
    },
    "10": {
      "mean": 0.43887036040027505,
      "std": 0.22746047607310158
    }
  }
}